image,num
Men's T-shirts,120
Bottoms,311
Accessories,490
Electronics,50
Men's Watches,60
Shoes,2701
Others,617
Arts,1065
Pen,2140
Tops,1042
Animal Models,365
Luggages & Bags,8
Women's Invisible Socks,313
Accessories|Rings,1273
Bottoms|Pants,1576
Accessories|Hats,267
Accessories|Sunglasses & Eyewears,380
Clocks,130
Women's Hair Elastic,264
Accessories|Watches,936
Tops|Shirts,332
Accessories|Earrings,787
Accessories|Bracelets,1197
Kitchen & Table Linens,210
Mobiles&Acc|Mobile Phone,755
Men's Jeans,105
Accessories|Belts,42
Tops|T-shirts & Tanks,697
Accessories|Gloves,63
Luggage & Bags|Handbags,367
Accessories|Necklaces,796
Men's Handbags,118
Bottoms|Shorts,393
Computers&Acc|Computers & Tablets|Tablets,11
Luggage & Bags|Clutches & Wallets,191
Shoes|Flats,23
Tops|Sweatshirts & Hoodies,17
Tops|Jackets & Coats,84
Tops|Knitwear,106
Luggage & Bags|Trolly & Travel Bags,17
Diaper,136
Women's Tights,118
Shoes|Pumps & Heels,313
Bottoms|Skirt,168
Shoes|Slippers,237
Accessories|Hair Accessories,58
Serums,158
Men's Boots,200
Brushes,622
Eyes Makeup,376
Lips Makeup,569
Men's Pants,126
Women's Cardigans,92
Luggage & Bags|Crossbody Bags,173
Toy RC Vehicles,122
Hats & Gloves,158
Accessories|Scarves,1
Dresses and Robes|Dresses,17
Baby Appliance,148
Women's Kimonos & Capes,94
USB Hubs,110
Computers&Acc|Computers & Tablets|Laptops,36
Consumer,237
Computers&Acc|Computers & Tablets|Desktops,1
New Cellphones,200
Dining,416
Air Freshener,188
Tricky Toys,379
Women's Blouses,86
Dress Up Dolls,250
Women's Tattoo,822
Dresses,137
Sports Bags,115
Computers&Acc|Computers & Tablets,92
Car Decoration&Pendant,165
Hair Accessories,862
Women's Sun Hats,140
Data Cables,185
Computers&Acc|Peripherals,72
Men's Hoodies,122
Camera Accessories,164
Luggage & Bags|Backpacks,120
Women's Sets,115
Toys,80
Bag Sets,44
shoes,1
Women's Women's Sets,94
Women's Bras & Panties,145
Tripod,157
Men's Crew Socks,308
Women's Flats,213
Men's Dress Shoes,192
Watches,177
Women's Bracelet Watches,101
Men's Denim Jackets,92
Sugar Boxes,297
Bakeware,357
Laptop Bags,114
Women's Eyeglasses,133
Smart Lights&Lamps,214
Sneakers & Sports Shoes,130
Security Devices,135
Women's Crossbody Bags,127
Candles & Holders,376
Curtains & Accessories,164
Swimming Supplies,148
Action Camera,152
Cars,4
Women's Couple Watches,163
Wall Shelves,152
Women's Hijab,135
Men's Quartz Watches,117
Crafts & DIY,584
Women's Regular Dresses,105
Women's Watches,7
Women's Sports Shoes,191
Key Chain,182
Men's Eyeglasses,121
Men's Polo Shirts,85
Dolls Accessories,477
Women's Sports Pants,99
Pants,96
Men's Ankle Boots,191
Men's Blazer & Suits,351
School bags,130
Nails,1561
Skin Care Tools,253
Men's Training Shoes,124
Women's Kaftan,111
Seat Covers,199
Women's Shirts,107
Shoes|Canvas Shoes,24
Health Tools,328
Camera Fittings,337
Women's Babydolls & Slips,102
Women's T-shirts,84
Women's T-shirts\,1
Ladies Salon,225
Photo Albums & Frames,214
Women's Baseball Cap,117
Phone Cases,188
File Storage,205
Women's Hairbands,163
Headphones & Earphones,304
Men's Necklaces,143
Moisturizers,114
Men's Leather Jackets,53
Electric Massagers,154
Sports Gloves,177
Other Lights,309
Men's Other Jewelry,224
Sports Safety,199
Car Interior Light,209
Microphone,186
Bath Linens,201
Pull Back Vehicles,351
Women's Beaded Bracelet,237
Stationery Gifts,322
Women's Jeans,102
Computer Assembly,130
Men's Shirts,125
Men's Scarves,72
Facial Care Devices,173
Puzzle,573
Women's Pants,97
Women's Abaya,101
Women's Canvas Shoes,199
iPad Accessories,147
Rattle Drums,271
Kitchen Storage,319
Appliances,5
Women's Evening Dresses,105
Creative Accessories,177
Small Outdoor Toys,335
Pillow Core,322
Painting & Art,114
Rompers,100
Women's Stud,364
Women's Blazers & Sets,90
Spring Toys,250
Sports Watches,121
Maternity Dresses,100
Women's Rings,424
Men's Slippers,195
Women's Gloves,190
Air Cooler,120
Smart Bracelet,138
Backpacks,384
Holders,190
Women's Clutches & Evening Bags,116
Men's Sweatshirts & Hoodies,100
Sets,90
Shoes|Oxfords,2
Shoes|Boots,1
Bathroom Supplies,390
Men's Crossbody Bags,98
Slippers,274
Men's Mechanical Watches,97
Masks & Treatment,91
Men-s_Sets,87
Men's Sets,8
Cleaning Tools,201
Keyboards,115
Men's Belts,124
Men's Casual Oxfords,199
Women's Trench Coats,83
Water Bottle,179
Incense Burner,127
Men's Functional Shoes,175
Women's T-shirts & Tanks,101
Women's Fashion Bracelet,338
Women's Sunglasses,117
Women's Tanks,109
Video Games,99
Personal & Health Care,339
Balloons,1961
Kitchen Tools,345
Women's Loafers & Slip-Ons,214
Women's Skullies & Beanies,130
Tables,106
Women's Running Shoes,101
Women's Sneakers,209
Men's Active Pants,94
Men's Knitwear,95
Women's Hair Chains,107
Humidifiers,152
Women's Oxfords,208
Men's Sunglasses,125
Women's Wigs,44
Baby Shoes,153
Men's Rings,136
Men's Ties,143
Rugs & Mats,267
Men's T-back,114
Women's Hair Clips,194
Kids Socks,342
Storage Racks,159
Men's Men's Sports Pants,101
Men's Sports Shoes,191
Action Figures & Statues,557
Men's Pajamas,73
Women's Pajamas,76
Smart Watches,178
Fitness Equipment,214
Men's Grooming,199
Plush_Toys,138
Wall Art,721
Blankets & Throws,120
Women's Body Chains,240
Sheos,2
Steering Wheel Covers,115
Leather Shoes,147
Women's Sleepdress,108
Women's Pumps,212
Household Fans,194
Women's Swimwear,93
Face Makeup,264
Women's Earrings Sets,2016
Men's Sneaker Socks,299
Men's Hats,154
Android Tablet,193
Men's Boxer Shorts,143
Women's Backpacks,117
Women's Winter Coats,284
Women-s_T-back,158
Facial Cleansers,222
Men's Running Shoes,105
Women's Crew Socks,300
Boots,130
Men's Beachwear,94
Aroma Diffuser,164
Coffee Machines,128
Men's Casual Jackets,119
Replacement Parts,598
Theatre,106
Cables,152
Appliances|TVs & Acc,6
Fishing Tools,348
Speakers,128
Computers&Acc,2
Insects-Killing Devices,113
Car Sticks & Decals,163
Men's Outdoor Shoes,76
Women's Scarvesa,102
Women's Bag Sets,164
Dresses and Robes,6
Men's Bracelets,156
Men's聽Perfumes,105
Hand & Foot Care,310
Women's Slippers,215
Women's Functional Bags,135
Casual Shoes,118
Holders & Hooks,127
Women's Heels,203
Dental Care,386
Men's Sandals,193
Women's Denim Coats,80
Slipcovers,188
Musical & Dance,152
Women's Suitcase,117
Women's聽Perfumes,99
Women's Perfumes,2
Women's Drop Earrings,202
Women's Embellishmenta,457
Car Bluetooth Kit,121
Pajamas,86
Car Repair Equipments,509
Feeding,213
Beauty & Personal Care,7
Other Bags,1
T-Shirts,100
Comfort Toys,1
Sculptures Displays,211
Women's Belts,148
Disposable Tablewares,755
Drinkware,351
Women's Wedding Dresses,103
Men's Key Rings,128
Women's Two Pieces Suits,90
Women's Women's Sports Bras,111
Men's Brief,85
Hair Treatment,124
Storage Bags,202
Chargers,113
Men's T-shirts & Tanks,100
Vintage Displays,167
Wall_Stickers,479
Wall Stickers,101
Women's Jewelry Sets,73
Women's Jumpsuits,104
Swimwear,70
Women's Chokers,123
Men's Clutches & Wallets,157
Women's Fashion Watches,106
Formal Clothing,98
Crossbody Bags,106
Women's Handbags,120
Shoes|Sneakers & Sports Shoes,2
Hair Tools,271
Keychains & Household Pendants,344
Men's Waist & Bum Bags,125
Health Care Supply & Safety,265
Bedding,124
Yops,1
Gift Boxes,188
Hair Styling Electronics,167
Mouses,161
Sunglasses,141
Men's Sweatshirts,117
Tablet Cases,159
Women's High Heel Sandals,203
Professional Audio,153
Men's Tanks,89
Musical Instrument,292
Yoga Supplies,282
Food Package,237
Makeup Kits,286
Drying Tools,330
Men's Sneakers,202
Women's Hidden Elevator Shoes,210
Vehicle Models,219
Creative Displays,321
Women's Sneaker Socks,524
Men's Coats,89
Women's Leggings,92
Women's Brief,250
Women's Sandals,201
Jackets&Coats,95
Women's Woven Bracelet,224
Women's Sweaters,93
Women's Jackets,86
Electronic Displays,205
Chopper&Food Processor,172
Diaper Bags,124
Pretend Play Toys,879
Men's Trench Coats,73
Storage Boxes,242
Storage Ornaments,169
Hair Removal & Tools,277
Decorative Pillows,273
Jewelry Organizers,172
Women's Hoop,228
Office Storage & Organization,202
Men's Shorts,84
Sports Hats,112
Women's Sweatshirts & Hoodies,86
Women-s_Sweatshirts_&_Hoodies,7
Women's Boots,199
Storage Baskets,199
Men's Backpacks,108
Men's Cufflinks,207
Men's Electronic Watches,150
Stroller & Bed & Accessories,130
Skits,1
Women's Waist & Bum Bags,105
Men's Jackets,74
Horn,66
Men's Men's Sets,99
Smart Accessories,97
